Repeat ID,Mutation ID,Length Of Exact Repeat,Length Of Approx Repeat
0,-47,78,143
0,-46,78,142
0,-44,78,141
0,-44,78,139
0,-43,78,136
0,-42,78,135
0,-41,78,134
0,-40,78,133
0,-39,78,132
0,-38,78,131
0,-37,78,130
0,-36,78,129
0,-35,78,128
0,-34,78,126
0,-33,78,123
0,-32,78,123
0,-30,78,122
0,-30,78,118
0,-29,78,117
0,-28,78,116
0,-27,78,114
0,-26,78,112
0,-25,78,111
0,-24,78,110
0,-23,78,108
0,-22,78,107
0,-21,78,105
0,-20,78,103
0,-19,78,102
0,-18,78,101
0,-17,78,100
0,-16,78,99
0,-15,78,20
0,-14,78,18
0,-13,78,17
0,-12,78,16
0,-11,78,13
0,-10,78,12
0,-9,78,11
0,-8,78,9
0,-7,78,8
0,-6,78,6
0,-5,78,5
0,-4,78,3
0,-3,78,2
0,-2,78,1
0,-1,78,0
0,0,78,0
0,1,78,0
0,2,78,1
0,3,78,2
0,4,78,4
0,5,78,5
0,6,78,7
0,7,78,10
0,8,78,11
0,9,78,13
0,10,78,15
0,11,78,16
0,12,78,17
0,13,78,18
0,14,78,19
0,15,78,98
0,16,78,100
0,17,78,101
0,18,78,102
0,19,78,105
0,20,78,106
0,21,78,107
0,22,78,109
0,23,78,110
0,24,78,112
0,25,78,113
0,26,78,115
0,27,78,116
0,28,78,117
0,29,78,118
0,30,78,120
0,30,78,121
0,32,78,123
0,33,78,127
0,34,78,128
0,35,78,130
0,36,78,133
0,37,78,135
0,38,78,137
0,39,78,138
0,40,78,140
0,41,78,142
0,42,78,143
0,43,78,144
0,44,78,146
0,44,78,147
1,-49,76,149
1,-48,76,148
1,-47,76,147
1,-46,76,146
1,-45,76,145
1,-44,76,144
1,-43,76,142
1,-42,76,141
1,-41,76,138
1,-40,76,136
1,-39,76,135
1,-38,76,134
1,-37,76,133
1,-36,76,132
1,-35,76,131
1,-34,76,130
1,-33,76,128
1,-32,76,127
1,-31,76,126
1,-30,76,124
1,-29,76,122
1,-28,76,121
1,-27,76,118
1,-26,76,117
1,-25,76,116
1,-24,76,115
1,-23,76,111
1,-22,76,110
1,-21,76,107
1,-20,76,105
1,-19,76,103
1,-18,76,99
1,-17,76,22
1,-16,76,21
1,-15,76,20
1,-14,76,18
1,-13,76,15
1,-12,76,14
1,-11,76,12
1,-10,76,11
1,-9,76,10
1,-8,76,9
1,-7,76,8
1,-6,76,6
1,-5,76,5
1,-4,76,4
1,-3,76,2
1,-2,76,1
1,-1,76,0
1,0,76,0
1,1,76,0
1,2,76,3
1,3,76,4
1,4,76,5
1,5,76,6
1,6,76,10
1,7,76,11
1,8,76,14
1,9,76,15
1,10,76,18
1,11,76,22
1,12,76,99
1,13,76,100
1,14,76,101
1,15,76,103
1,16,76,105
1,17,76,107
1,18,76,109
1,19,76,110
1,20,76,111
1,21,76,112
1,22,76,113
1,23,76,115
1,24,76,116
1,25,76,117
1,26,76,121
1,27,76,124
1,28,76,124
1,29,76,127
1,30,76,128
1,31,76,129
1,32,76,131
1,33,76,132
1,34,76,134
1,35,76,135
1,36,76,137
1,37,76,138
1,38,76,140
1,39,76,142
1,40,76,143
1,41,76,144
1,42,76,146
2,-46,76,145
2,-45,76,144
2,-44,76,142
2,-43,76,141
2,-42,76,140
2,-41,76,138
2,-40,76,136
2,-39,76,134
2,-38,76,130
2,-37,76,129
2,-36,76,128
2,-35,76,127
2,-34,76,124
2,-33,76,122
2,-32,76,120
2,-31,76,119
2,-30,76,118
2,-29,76,117
2,-28,76,116
2,-27,76,115
2,-26,76,114
2,-25,76,111
2,-24,76,108
2,-23,76,107
2,-22,76,105
2,-21,76,105
2,-20,76,104
2,-19,76,103
2,-18,76,102
2,-17,76,101
2,-16,76,100
2,-15,76,99
2,-14,76,22
2,-13,76,20
2,-12,76,19
2,-11,76,18
2,-10,76,17
2,-9,76,16
2,-8,76,15
2,-7,76,14
2,-6,76,11
2,-5,76,7
2,-4,76,6
2,-3,76,5
2,-2,76,3
2,-1,76,2
2,0,76,0
2,1,76,0
2,2,76,1
2,3,76,2
2,4,76,3
2,5,76,4
2,6,76,6
2,7,76,10
2,8,76,12
2,9,76,13
2,10,76,14
2,11,76,15
2,12,76,17
2,13,76,18
2,14,76,19
2,15,76,20
2,16,76,21
2,17,76,99
2,18,76,100
2,19,76,101
2,20,76,103
2,21,76,107
2,22,76,110
2,23,76,114
2,24,76,115
2,25,76,116
2,26,76,118
2,27,76,119
2,28,76,122
2,29,76,123
2,30,76,124
2,31,76,126
2,32,76,127
2,33,76,129
2,34,76,130
2,35,76,132
2,36,76,133
2,37,76,134
2,38,76,136
2,39,76,137
2,40,76,138
2,41,76,140
2,42,76,141
2,43,76,143
2,44,76,146
2,45,76,149
2,46,76,151
2,47,76,152
3,-44,78,146
3,-44,78,145
3,-43,78,144
3,-42,78,143
3,-41,78,141
3,-40,78,139
3,-39,78,138
3,-38,78,136
3,-37,78,135
3,-36,78,134
3,-35,78,133
3,-34,78,129
3,-33,78,128
3,-32,78,127
3,-30,78,126
3,-30,78,125
3,-29,78,123
3,-28,78,123
3,-27,78,122
3,-26,78,121
3,-25,78,119
3,-24,78,116
3,-23,78,113
3,-22,78,111
3,-21,78,108
3,-20,78,107
3,-19,78,106
3,-18,78,103
3,-17,78,102
3,-16,78,101
3,-15,78,100
3,-14,78,99
3,-13,78,20
3,-12,78,19
3,-11,78,17
3,-10,78,16
3,-9,78,14
3,-8,78,13
3,-7,78,9
3,-6,78,8
3,-5,78,7
3,-4,78,6
3,-3,78,5
3,-2,78,3
3,-1,78,0
3,0,78,0
3,1,78,0
3,2,78,3
3,3,78,6
3,4,78,8
3,5,78,11
3,6,78,12
3,7,78,13
3,8,78,14
3,9,78,16
3,10,78,17
3,11,78,19
3,12,78,99
3,13,78,100
3,14,78,102
3,15,78,103
3,16,78,105
3,17,78,106
3,18,78,110
3,19,78,111
3,20,78,112
3,21,78,113
3,22,78,114
3,23,78,116
3,24,78,119
3,25,78,120
3,26,78,123
3,27,78,123
3,28,78,126
3,29,78,128
3,30,78,130
3,30,78,134
3,32,78,135
3,33,78,138
3,34,78,139
3,35,78,141
3,36,78,142
3,37,78,143
3,38,78,144
3,39,78,145
3,40,78,146
3,41,78,149
3,42,78,150
4,-46,76,149
4,-45,76,148
4,-44,76,145
4,-43,76,144
4,-42,76,143
4,-41,76,140
4,-40,76,139
4,-39,76,138
4,-38,76,137
4,-37,76,135
4,-36,76,134
4,-35,76,133
4,-34,76,131
4,-33,76,130
4,-32,76,129
4,-31,76,128
4,-30,76,127
4,-29,76,126
4,-28,76,121
4,-27,76,120
4,-26,76,119
4,-25,76,117
4,-24,76,115
4,-23,76,114
4,-22,76,113
4,-21,76,108
4,-20,76,105
4,-19,76,104
4,-18,76,102
4,-17,76,100
4,-16,76,99
4,-15,76,98
4,-14,76,21
4,-13,76,20
4,-12,76,19
4,-11,76,16
4,-10,76,15
4,-9,76,14
4,-8,76,13
4,-7,76,9
4,-6,76,8
4,-5,76,5
4,-4,76,4
4,-3,76,2
4,-2,76,1
4,-1,76,0
4,0,76,0
4,1,76,0
4,2,76,1
4,3,76,3
4,4,76,5
4,5,76,6
4,6,76,12
4,7,76,14
4,8,76,16
4,9,76,18
4,10,76,20
4,11,76,21
4,12,76,22
4,13,76,99
4,14,76,100
4,15,76,101
4,16,76,102
4,17,76,104
4,18,76,105
4,19,76,107
4,20,76,111
4,21,76,112
4,22,76,115
4,23,76,116
4,24,76,118
4,25,76,119
4,26,76,121
4,27,76,123
4,28,76,124
4,29,76,126
4,30,76,127
4,31,76,128
4,32,76,131
4,33,76,133
4,34,76,134
4,35,76,136
4,36,76,137
4,37,76,138
4,38,76,139
4,39,76,140
4,40,76,141
4,41,76,143
4,42,76,144
4,43,76,150
5,-47,78,154
5,-46,78,153
5,-44,78,152
5,-44,78,150
5,-43,78,149
5,-42,78,147
5,-41,78,146
5,-40,78,139
5,-39,78,138
5,-38,78,137
5,-37,78,132
5,-36,78,131
5,-35,78,130
5,-34,78,129
5,-33,78,128
5,-32,78,127
5,-30,78,125
5,-30,78,122
5,-29,78,121
5,-28,78,119
5,-27,78,118
5,-26,78,117
5,-25,78,116
5,-24,78,114
5,-23,78,112
5,-22,78,111
5,-21,78,110
5,-20,78,106
5,-19,78,103
5,-18,78,102
5,-17,78,100
5,-16,78,99
5,-15,78,20
5,-14,78,19
5,-13,78,18
5,-12,78,17
5,-11,78,14
5,-10,78,12
5,-9,78,11
5,-8,78,9
5,-7,78,8
5,-6,78,7
5,-5,78,6
5,-4,78,5
5,-3,78,2
5,-2,78,1
5,-1,78,0
5,0,78,0
5,1,78,0
5,2,78,1
5,3,78,2
5,4,78,3
5,5,78,5
5,6,78,7
5,7,78,8
5,8,78,13
5,9,78,16
5,10,78,17
5,11,78,19
5,12,78,20
5,13,78,99
5,14,78,100
5,15,78,102
5,16,78,105
5,17,78,106
5,18,78,107
5,19,78,110
5,20,78,111
5,21,78,112
5,22,78,113
5,23,78,114
5,24,78,117
5,25,78,118
5,26,78,119
5,27,78,120
5,28,78,121
5,29,78,122
5,30,78,123
5,30,78,123
5,32,78,126
5,33,78,129
5,34,78,130
5,35,78,131
5,36,78,132
5,37,78,133
5,38,78,135
5,39,78,136
5,40,78,141
5,41,78,142
5,42,78,143
5,43,78,144
6,-49,78,156
6,-48,78,155
6,-47,78,151
6,-46,78,150
6,-44,78,149
6,-44,78,146
6,-43,78,145
6,-42,78,141
6,-41,78,138
6,-40,78,136
6,-39,78,135
6,-38,78,133
6,-37,78,129
6,-36,78,128
6,-35,78,127
6,-34,78,123
6,-33,78,123
6,-32,78,121
6,-30,78,119
6,-30,78,117
6,-29,78,114
6,-28,78,112
6,-27,78,111
6,-26,78,110
6,-25,78,109
6,-24,78,107
6,-23,78,106
6,-22,78,105
6,-21,78,104
6,-20,78,103
6,-19,78,102
6,-18,78,99
6,-17,78,20
6,-16,78,19
6,-15,78,18
6,-14,78,16
6,-13,78,15
6,-12,78,14
6,-11,78,13
6,-10,78,10
6,-9,78,9
6,-8,78,8
6,-7,78,7
6,-6,78,6
6,-5,78,5
6,-4,78,4
6,-3,78,3
6,-2,78,2
6,-1,78,0
6,0,78,0
6,1,78,0
6,2,78,2
6,3,78,4
6,4,78,5
6,5,78,7
6,6,78,8
6,7,78,10
6,8,78,12
6,9,78,13
6,10,78,14
6,11,78,16
6,12,78,17
6,13,78,20
6,14,78,99
6,15,78,100
6,16,78,101
6,17,78,103
6,18,78,104
6,19,78,105
6,20,78,106
6,21,78,109
6,22,78,110
6,23,78,111
6,24,78,113
6,25,78,115
6,26,78,116
6,27,78,119
6,28,78,120
6,29,78,121
6,30,78,123
6,30,78,123
6,32,78,125
6,33,78,126
6,34,78,129
6,35,78,130
6,36,78,131
6,37,78,132
6,38,78,133
6,39,78,135
6,40,78,136
6,41,78,140
6,42,78,141
6,43,78,143
6,44,78,144
7,-46,76,150
7,-45,76,149
7,-44,76,147
7,-43,76,146
7,-42,76,145
7,-41,76,144
7,-40,76,143
7,-39,76,142
7,-38,76,138
7,-37,76,137
7,-36,76,136
7,-35,76,135
7,-34,76,134
7,-33,76,133
7,-32,76,132
7,-31,76,130
7,-30,76,129
7,-29,76,128
7,-28,76,126
7,-27,76,121
7,-26,76,119
7,-25,76,117
7,-24,76,115
7,-23,76,114
7,-22,76,112
7,-21,76,110
7,-20,76,107
7,-19,76,105
7,-18,76,103
7,-17,76,102
7,-16,76,100
7,-15,76,99
7,-14,76,22
7,-13,76,21
7,-12,76,19
7,-11,76,18
7,-10,76,17
7,-9,76,15
7,-8,76,13
7,-7,76,11
7,-6,76,10
7,-5,76,8
7,-4,76,7
7,-3,76,4
7,-2,76,2
7,-1,76,0
7,0,76,0
7,1,76,0
7,2,76,2
7,3,76,4
7,4,76,6
7,5,76,7
7,6,76,9
7,7,76,11
7,8,76,14
7,9,76,15
7,10,76,18
7,11,76,19
7,12,76,21
7,13,76,22
7,14,76,99
7,15,76,100
7,16,76,102
7,17,76,104
7,18,76,108
7,19,76,110
7,20,76,111
7,21,76,113
7,22,76,114
7,23,76,116
7,24,76,117
7,25,76,119
7,26,76,121
7,27,76,122
7,28,76,123
7,29,76,124
7,30,76,124
7,31,76,126
7,32,76,128
7,33,76,131
7,34,76,132
7,35,76,135
7,36,76,137
7,37,76,139
7,38,76,140
7,39,76,142
7,40,76,147
7,41,76,148
7,42,76,150
7,43,76,153
7,44,76,154
8,-47,77,152
8,-46,77,151
8,-45,77,148
8,-44,77,145
8,-43,77,144
8,-42,77,142
8,-41,77,141
8,-39,77,140
8,-38,77,139
8,-38,77,137
8,-37,77,135
8,-36,77,134
8,-35,77,130
8,-34,77,128
8,-33,77,126
8,-32,77,124
8,-31,77,123
8,-30,77,122
8,-29,77,121
8,-28,77,120
8,-27,77,116
8,-26,77,114
8,-25,77,113
8,-24,77,112
8,-23,77,111
8,-22,77,109
8,-21,77,107
8,-19,77,104
8,-19,77,104
8,-18,77,101
8,-17,77,100
8,-16,77,99
8,-15,77,21
8,-14,77,19
8,-13,77,19
8,-12,77,17
8,-11,77,16
8,-9,77,15
8,-9,77,14
8,-8,77,12
8,-7,77,9
8,-6,77,9
8,-4,77,8
8,-4,77,4
8,-3,77,3
8,-2,77,2
8,-1,77,1
8,0,77,0
8,1,77,0
8,2,77,4
8,3,77,4
8,4,77,6
8,4,77,7
8,6,77,9
8,7,77,11
8,8,77,13
8,9,77,15
8,9,77,16
8,11,77,19
8,12,77,19
8,13,77,99
8,14,77,100
8,15,77,101
8,16,77,102
8,17,77,104
8,18,77,104
8,19,77,110
8,19,77,111
8,21,77,112
8,22,77,115
8,23,77,117
8,24,77,118
8,25,77,119
8,26,77,123
8,27,77,124
8,28,77,125
8,29,77,128
8,30,77,129
8,31,77,130
8,32,77,131
8,33,77,135
8,34,77,136
8,35,77,137
8,36,77,139
8,37,77,141
8,38,77,142
8,38,77,144
8,39,77,145
8,41,77,146
8,42,77,150
8,43,77,152
9,-41,78,138
9,-40,78,137
9,-39,78,135
9,-38,78,133
9,-37,78,132
9,-36,78,131
9,-35,78,129
9,-34,78,125
9,-33,78,123
9,-32,78,123
9,-30,78,122
9,-30,78,121
9,-29,78,119
9,-28,78,117
9,-27,78,114
9,-26,78,113
9,-25,78,112
9,-24,78,111
9,-23,78,110
9,-22,78,109
9,-21,78,108
9,-20,78,107
9,-19,78,106
9,-18,78,105
9,-17,78,104
9,-16,78,103
9,-15,78,102
9,-14,78,101
9,-13,78,100
9,-12,78,99
9,-11,78,98
9,-10,78,97
9,-9,78,18
9,-8,78,16
9,-7,78,14
9,-6,78,12
9,-5,78,10
9,-4,78,9
9,-3,78,7
9,-2,78,3
9,-1,78,0
9,0,78,0
9,1,78,0
9,2,78,3
9,3,78,4
9,4,78,5
9,5,78,6
9,6,78,7
9,7,78,8
9,8,78,9
9,9,78,10
9,10,78,11
9,11,78,13
9,12,78,14
9,13,78,16
9,14,78,17
9,15,78,18
9,16,78,19
9,17,78,20
9,18,78,99
9,19,78,101
9,20,78,103
9,21,78,105
9,22,78,107
9,23,78,110
9,24,78,117
9,25,78,125
9,26,78,127
9,27,78,130
9,28,78,137
9,29,78,139
9,30,78,140
9,30,78,141
9,32,78,151
9,33,78,153
9,34,78,154
9,35,78,162
9,36,78,163
9,37,78,165
9,38,78,166
9,39,78,169
9,40,78,171
9,41,78,172
9,42,78,173
9,43,78,174
9,44,78,177
9,44,78,179
9,46,78,181
9,47,78,182
9,48,78,183
10,-40,85,149
10,-39,85,148
10,-38,85,147
10,-37,85,146
10,-36,85,143
10,-35,85,141
10,-34,85,134
10,-33,85,133
10,-32,85,132
10,-31,85,131
10,-30,85,130
10,-29,85,129
10,-28,85,127
10,-27,85,124
10,-26,85,123
10,-25,85,122
10,-24,85,121
10,-23,85,120
10,-22,85,117
10,-21,85,113
10,-20,85,113
10,-19,85,110
10,-18,85,109
10,-17,85,108
10,-16,85,107
10,-15,85,106
10,-14,85,104
10,-13,85,102
10,-12,85,102
10,-11,85,100
10,-10,85,99
10,-9,85,97
10,-8,85,11
10,-7,85,10
10,-6,85,9
10,-5,85,6
10,-4,85,4
10,-3,85,3
10,-2,85,1
10,-1,85,0
10,0,85,0
10,1,85,0
10,2,85,1
10,3,85,2
10,4,85,3
10,5,85,4
10,6,85,6
10,7,85,7
10,8,85,8
10,9,85,10
10,10,85,11
10,11,85,13
10,12,85,99
10,13,85,100
10,14,85,101
10,15,85,104
10,16,85,106
10,17,85,107
10,18,85,109
10,19,85,111
10,20,85,118
10,21,85,120
10,22,85,121
10,23,85,126
10,24,85,130
10,25,85,131
10,26,85,132
10,27,85,137
10,28,85,138
10,29,85,140
10,30,85,141
10,31,85,144
10,32,85,145
10,33,85,153
10,34,85,154
10,35,85,158
10,36,85,159
10,37,85,160
10,38,85,161
10,39,85,162
10,40,85,164
10,41,85,165
10,42,85,166
11,-40,84,151
11,-39,84,150
11,-38,84,148
11,-37,84,146
11,-36,84,143
11,-35,84,141
11,-34,84,140
11,-33,84,139
11,-32,84,133
11,-31,84,132
11,-30,84,131
11,-29,84,130
11,-28,84,128
11,-27,84,127
11,-26,84,124
11,-25,84,122
11,-24,84,122
11,-23,84,121
11,-22,84,120
11,-21,84,119
11,-20,84,115
11,-19,84,114
11,-18,84,113
11,-17,84,109
11,-16,84,108
11,-15,84,107
11,-14,84,106
11,-13,84,105
11,-12,84,103
11,-11,84,101
11,-10,84,101
11,-9,84,99
11,-8,84,14
11,-7,84,10
11,-6,84,9
11,-5,84,8
11,-4,84,5
11,-3,84,3
11,-2,84,2
11,-1,84,0
11,0,84,0
11,1,84,0
11,2,84,4
11,3,84,5
11,4,84,6
11,5,84,7
11,6,84,8
11,7,84,10
11,8,84,11
11,9,84,12
11,10,84,14
11,11,84,99
11,12,84,103
11,13,84,104
11,14,84,105
11,15,84,108
11,16,84,110
11,17,84,111
11,18,84,113
11,19,84,115
11,20,84,122
11,21,84,124
11,22,84,125
11,23,84,130
11,24,84,134
11,25,84,135
11,26,84,136
11,27,84,141
11,28,84,142
11,29,84,144
11,30,84,145
11,31,84,148
11,32,84,149
11,33,84,157
11,34,84,158
11,35,84,162
11,36,84,163
11,37,84,164
11,38,84,165
11,39,84,166
11,40,84,168
11,41,84,169
12,-34,84,179
12,-33,84,178
12,-32,84,176
12,-31,84,170
12,-30,84,169
12,-29,84,165
12,-28,84,164
12,-27,84,162
12,-26,84,161
12,-25,84,159
12,-24,84,157
12,-23,84,155
12,-22,84,154
12,-21,84,153
12,-20,84,151
12,-19,84,150
12,-18,84,149
12,-17,84,146
12,-16,84,144
12,-15,84,140
12,-14,84,139
12,-13,84,138
12,-12,84,135
12,-11,84,134
12,-10,84,132
12,-9,84,131
12,-8,84,130
12,-7,84,125
12,-6,84,122
12,-5,84,120
12,-4,84,117
12,-3,84,99
12,-2,84,14
12,-1,84,0
12,0,84,0
12,1,84,0
12,2,84,85
12,3,84,99
12,4,84,100
12,5,84,101
12,6,84,107
12,7,84,108
12,8,84,109
12,9,84,114
12,10,84,115
12,11,84,116
12,12,84,117
12,13,84,122
12,14,84,127
12,15,84,129
12,16,84,131
12,17,84,132
12,18,84,137
12,19,84,138
12,20,84,139
12,21,84,145
12,22,84,147
12,23,84,150
12,24,84,153
12,25,84,154
12,26,84,156
12,27,84,158
12,28,84,159
12,29,84,161
12,30,84,163
12,31,84,164
12,32,84,165
13,-31,119,49
13,-30,119,48
13,-29,119,47
13,-28,119,46
13,-27,119,45
13,-26,119,44
13,-25,119,42
13,-24,119,41
13,-23,119,39
13,-22,119,36
13,-21,119,35
13,-20,119,34
13,-19,119,33
13,-18,119,29
13,-17,119,28
13,-16,119,27
13,-15,119,26
13,-14,119,25
13,-13,119,24
13,-12,119,22
13,-11,119,20
13,-10,119,19
13,-9,119,13
13,-8,119,12
13,-7,119,9
13,-6,119,8
13,-5,119,7
13,-4,119,5
13,-3,119,4
13,-2,119,1
13,-1,119,0
13,0,119,0
13,1,119,0
13,2,119,71
13,3,119,72
13,4,119,73
13,5,119,74
13,6,119,76
13,7,119,78
13,8,119,79
13,9,119,80
13,10,119,81
13,11,119,82
13,12,119,86
13,13,119,87
13,14,119,88
13,15,119,89
13,16,119,90
13,17,119,93
13,18,119,94
13,19,119,95
13,20,119,97
13,21,119,99
13,22,119,101
13,23,119,105
13,24,119,106
13,25,119,109
13,26,119,112
13,27,119,114
13,28,119,115
13,29,119,116
13,30,119,117
13,31,119,120
13,32,119,121
14,-36,92,222
14,-35,92,220
14,-34,92,218
14,-33,92,217
14,-32,92,210
14,-31,92,209
14,-30,92,207
14,-29,92,206
14,-28,92,200
14,-27,92,196
14,-25,92,195
14,-25,92,194
14,-24,92,190
14,-23,92,189
14,-22,92,188
14,-21,92,184
14,-20,92,183
14,-19,92,181
14,-18,92,177
14,-17,92,176
14,-16,92,175
14,-15,92,169
14,-14,92,164
14,-12,92,159
14,-12,92,158
14,-11,92,156
14,-10,92,151
14,-9,92,150
14,-8,92,143
14,-7,92,140
14,-6,92,137
14,-5,92,134
14,-4,92,116
14,-3,92,112
14,-2,92,110
14,-1,92,92
14,0,92,0
14,1,92,0
14,2,92,93
14,3,92,102
14,4,92,111
14,5,92,112
14,6,92,126
14,7,92,128
14,8,92,129
14,9,92,132
14,10,92,133
14,11,92,134
14,12,92,137
14,12,92,140
14,14,92,141
14,15,92,142
14,16,92,143
14,17,92,145
14,18,92,150
14,19,92,152
14,20,92,153
14,21,92,155
14,22,92,156
14,23,92,158
14,24,92,159
14,25,92,161
14,25,92,164
14,27,92,166
14,28,92,167
14,29,92,168
14,30,92,170
14,31,92,172
14,32,92,177
15,-32,96,156
15,-31,96,155
15,-30,96,154
15,-29,96,153
15,-28,96,152
15,-27,96,151
15,-26,96,144
15,-25,96,139
15,-24,96,138
15,-23,96,137
15,-22,96,132
15,-21,96,131
15,-20,96,129
15,-19,96,126
15,-18,96,124
15,-17,96,123
15,-16,96,122
15,-15,96,120
15,-14,96,119
15,-13,96,118
15,-12,96,117
15,-11,96,116
15,-10,96,114
15,-9,96,113
15,-8,96,111
15,-7,96,106
15,-6,96,104
15,-5,96,103
15,-4,96,101
15,-3,96,100
15,-2,96,97
15,-1,96,96
15,0,96,0
15,1,96,0
15,2,96,1
15,3,96,98
15,4,96,115
15,5,96,147
15,6,96,161
15,7,96,164
15,8,96,166
15,9,96,167
15,10,96,172
15,11,96,208
15,12,96,223
15,13,96,224
15,14,96,229
15,15,96,230
15,16,96,232
15,17,96,233
15,18,96,235
15,19,96,237
15,20,96,238
15,21,96,239
15,22,96,240
15,23,96,243
15,24,96,244
15,25,96,245
15,26,96,247
15,27,96,248
15,28,96,249
15,29,96,251
15,30,96,252
15,31,96,253
15,32,96,254
15,33,96,256
15,34,96,258
15,35,96,259
15,36,96,262
15,37,96,263
16,-31,112,77
16,-30,112,76
16,-29,112,73
16,-28,112,72
16,-27,112,71
16,-26,112,70
16,-25,112,68
16,-24,112,67
16,-23,112,66
16,-22,112,64
16,-21,112,60
16,-20,112,58
16,-19,112,57
16,-18,112,55
16,-17,112,54
16,-16,112,51
16,-15,112,49
16,-14,112,48
16,-13,112,47
16,-12,112,46
16,-11,112,45
16,-10,112,44
16,-9,112,41
16,-8,112,39
16,-7,112,38
16,-6,112,37
16,-5,112,36
16,-4,112,25
16,-3,112,24
16,-2,112,4
16,-1,112,0
16,0,112,0
16,1,112,0
16,2,112,1
16,3,112,36
16,4,112,78
16,5,112,79
16,6,112,81
16,7,112,83
16,8,112,85
16,9,112,86
16,10,112,87
16,11,112,88
16,12,112,90
16,13,112,93
16,14,112,94
16,15,112,95
16,16,112,99
16,17,112,100
16,18,112,101
16,19,112,102
16,20,112,106
16,21,112,108
16,22,112,109
16,23,112,112
16,24,112,113
16,25,112,116
16,26,112,119
16,27,112,121
16,28,112,121
16,29,112,123
16,30,112,127
16,31,112,129
16,32,112,131
16,33,112,132
17,-34,82,201
17,-33,82,200
17,-32,82,197
17,-31,82,195
17,-30,82,193
17,-29,82,192
17,-28,82,191
17,-27,82,190
17,-26,82,189
17,-25,82,187
17,-24,82,186
17,-23,82,184
17,-22,82,182
17,-21,82,174
17,-20,82,170
17,-19,82,169
17,-18,82,166
17,-17,82,165
17,-16,82,164
17,-15,82,163
17,-14,82,160
17,-13,82,158
17,-12,82,157
17,-11,82,156
17,-10,82,145
17,-9,82,142
17,-8,82,139
17,-7,82,138
17,-6,82,136
17,-5,82,130
17,-4,82,110
17,-3,82,104
17,-2,82,92
17,-1,82,82
17,0,82,0
17,1,82,0
17,2,82,10
17,3,82,92
17,4,82,148
17,5,82,174
17,6,82,185
17,7,82,241
17,8,82,247
17,9,82,257
17,10,82,259
17,11,82,260
17,12,82,261
17,13,82,262
17,14,82,263
17,15,82,264
17,16,82,268
17,17,82,271
17,18,82,272
17,19,82,273
17,20,82,275
17,21,82,277
17,22,82,280
17,23,82,282
17,24,82,284
17,25,82,286
17,26,82,289
17,27,82,290
17,28,82,292
17,29,82,293
17,30,82,297
17,31,82,298
17,32,82,299
17,33,82,300
17,34,82,301
17,35,82,304
17,36,82,305
17,37,82,306
18,-39,117,261
18,-38,117,260
18,-37,117,259
18,-36,117,258
18,-35,117,257
18,-34,117,252
18,-33,117,250
18,-32,117,249
18,-31,117,247
18,-29,117,246
18,-29,117,245
18,-28,117,243
18,-27,117,242
18,-26,117,240
18,-25,117,238
18,-24,117,238
18,-23,117,237
18,-22,117,235
18,-21,117,234
18,-20,117,231
18,-19,117,229
18,-18,117,224
18,-17,117,223
18,-16,117,222
18,-14,117,221
18,-14,117,219
18,-13,117,218
18,-12,117,216
18,-11,117,214
18,-10,117,213
18,-9,117,212
18,-8,117,209
18,-7,117,153
18,-6,117,35
18,-5,117,34
18,-4,117,33
18,-3,117,32
18,-2,117,31
18,-1,117,28
18,0,117,0
18,1,117,0
18,2,117,1
18,3,117,3
18,4,117,5
18,5,117,6
18,6,117,7
18,7,117,9
18,8,117,10
18,9,117,11
18,10,117,12
18,11,117,14
18,12,117,17
18,13,117,19
18,14,117,23
18,14,117,25
18,16,117,26
18,17,117,27
18,18,117,28
18,19,117,29
18,20,117,31
18,21,117,32
18,22,117,34
18,23,117,35
18,24,117,37
18,25,117,38
18,26,117,42
18,27,117,46
18,28,117,49
18,29,117,52
18,29,117,57
18,31,117,59
19,-31,101,97
19,-30,101,96
19,-28,101,95
19,-28,101,94
19,-27,101,89
19,-26,101,85
19,-25,101,83
19,-24,101,81
19,-23,101,80
19,-22,101,75
19,-21,101,74
19,-20,101,73
19,-19,101,67
19,-18,101,65
19,-17,101,62
19,-16,101,58
19,-15,101,57
19,-14,101,56
19,-13,101,53
19,-12,101,51
19,-11,101,49
19,-10,101,48
19,-9,101,47
19,-8,101,45
19,-7,101,44
19,-6,101,43
19,-5,101,41
19,-4,101,40
19,-3,101,39
19,-2,101,38
19,-1,101,28
19,0,101,0
19,1,101,0
19,2,101,15
19,3,101,20
19,4,101,31
19,5,101,36
19,6,101,65
19,7,101,74
19,8,101,75
19,9,101,78
19,10,101,80
19,11,101,82
19,12,101,83
19,13,101,84
19,14,101,121
19,15,101,204
19,16,101,233
19,17,101,243
19,18,101,254
19,19,101,256
19,20,101,257
19,21,101,258
19,22,101,259
19,23,101,262
19,24,101,263
19,25,101,265
19,26,101,266
19,27,101,269
19,28,101,270
19,28,101,271
19,30,101,272
19,31,101,273
19,32,101,274
19,33,101,275
19,34,101,277
19,35,101,278
19,36,101,280
19,37,101,283
19,38,101,286
19,39,101,287
19,40,101,290
19,41,101,291
19,42,101,292
19,43,101,295
19,44,101,296
19,45,101,298
20,-35,118,259
20,-34,118,258
20,-33,118,255
20,-32,118,253
20,-31,118,250
20,-30,118,248
20,-29,118,247
20,-28,118,246
20,-27,118,244
20,-26,118,243
20,-25,118,242
20,-24,118,241
20,-23,118,239
20,-22,118,237
20,-21,118,229
20,-20,118,225
20,-19,118,224
20,-18,118,221
20,-17,118,220
20,-16,118,219
20,-15,118,218
20,-14,118,215
20,-13,118,213
20,-12,118,212
20,-11,118,211
20,-10,118,200
20,-9,118,197
20,-8,118,194
20,-7,118,193
20,-6,118,191
20,-5,118,165
20,-4,118,159
20,-3,118,137
20,-2,118,92
20,-1,118,54
20,0,118,0
20,1,118,0
20,2,118,12
20,3,118,67
20,4,118,73
20,5,118,83
20,6,118,85
20,7,118,86
20,8,118,87
20,9,118,88
20,10,118,89
20,11,118,90
20,12,118,93
20,13,118,94
20,14,118,97
20,15,118,98
20,16,118,99
20,17,118,101
20,18,118,103
20,19,118,105
20,20,118,106
20,21,118,108
20,22,118,110
20,23,118,112
20,24,118,115
20,25,118,116
20,26,118,118
20,27,118,119
20,28,118,123
20,29,118,124
20,30,118,125
20,31,118,126
20,32,118,127
20,33,118,130
21,-36,94,349
21,-35,94,348
21,-34,94,347
21,-33,94,346
21,-32,94,345
21,-30,94,343
21,-30,94,341
21,-29,94,338
21,-28,94,337
21,-27,94,336
21,-26,94,335
21,-25,94,333
21,-23,94,332
21,-23,94,324
21,-22,94,323
21,-21,94,320
21,-20,94,313
21,-19,94,302
21,-18,94,298
21,-17,94,297
21,-16,94,293
21,-15,94,290
21,-14,94,287
21,-13,94,284
21,-11,94,283
21,-11,94,281
21,-10,94,279
21,-9,94,278
21,-8,94,276
21,-7,94,275
21,-5,94,269
21,-5,94,263
21,-4,94,221
21,-2,94,188
21,-2,94,128
21,-1,94,94
21,0,94,0
21,1,94,0
21,2,94,95
21,2,94,119
21,4,94,125
21,5,94,149
21,5,94,155
21,7,94,197
21,8,94,200
21,9,94,203
21,10,94,203
21,11,94,206
21,11,94,209
21,13,94,215
21,14,94,219
21,15,94,266
21,16,94,353
21,17,94,357
21,18,94,366
21,19,94,367
21,20,94,368
21,21,94,372
21,22,94,386
21,23,94,388
21,23,94,389
21,25,94,395
21,26,94,407
21,27,94,410
21,28,94,413
21,29,94,417
21,30,94,419
21,30,94,423
21,32,94,425
21,33,94,426
21,34,94,430
21,35,94,434
21,36,94,436
21,37,94,440
21,38,94,447
21,39,94,451
21,40,94,452
21,41,94,453
21,42,94,454
21,43,94,457
21,44,94,459
21,45,94,465
21,46,94,466
21,47,94,466
21,47,94,469
21,49,94,473
21,50,94,477
21,50,94,477
21,52,94,479
22,-36,167,158
22,-35,167,157
22,-34,167,156
22,-33,167,155
22,-32,167,154
22,-31,167,152
22,-30,167,148
22,-29,167,147
22,-28,167,146
22,-27,167,145
22,-26,167,144
22,-24,167,140
22,-24,167,139
22,-23,167,131
22,-22,167,128
22,-21,167,127
22,-20,167,122
22,-19,167,118
22,-18,167,116
22,-17,167,106
22,-16,167,103
22,-15,167,101
22,-14,167,98
22,-13,167,96
22,-12,167,95
22,-11,167,94
22,-10,167,92
22,-9,167,91
22,-8,167,89
22,-7,167,85
22,-6,167,84
22,-5,167,83
22,-4,167,56
22,-3,167,31
22,-2,167,30
22,-1,167,24
22,0,167,0
22,1,167,0
22,2,167,19
22,3,167,108
22,4,167,206
22,5,167,221
22,6,167,223
22,7,167,229
22,8,167,230
22,9,167,232
22,10,167,243
22,11,167,258
22,12,167,281
22,13,167,290
22,14,167,303
22,15,167,304
22,16,167,308
22,17,167,359
22,18,167,366
22,19,167,402
22,20,167,405
22,21,167,413
22,22,167,415
22,23,167,416
22,24,167,417
22,24,167,420
22,26,167,421
22,27,167,423
22,28,167,425
22,29,167,426
22,30,167,435
22,31,167,436
22,32,167,438
22,33,167,442
22,34,167,443
22,35,167,447
22,36,167,449
22,37,167,452
22,38,167,456
22,39,167,461
22,40,167,466
22,41,167,468
22,42,167,471
22,42,167,472
22,44,167,475
22,45,167,475
22,46,167,479
22,47,167,480
22,48,167,482
22,49,167,484
23,-82,163,467
23,-82,163,466
23,-81,163,464
23,-80,163,462
23,-79,163,460
23,-78,163,454
23,-77,163,453
23,-76,163,452
23,-75,163,450
23,-74,163,446
23,-73,163,441
23,-72,163,440
23,-71,163,439
23,-70,163,438
23,-69,163,437
23,-68,163,436
23,-67,163,434
23,-66,163,431
23,-65,163,428
23,-64,163,427
23,-63,163,426
23,-62,163,421
23,-61,163,419
23,-60,163,418
23,-59,163,415
23,-58,163,413
23,-57,163,404
23,-56,163,398
23,-55,163,386
23,-53,163,383
23,-53,163,376
23,-52,163,368
23,-51,163,356
23,-50,163,341
23,-49,163,320
23,-48,163,317
23,-47,163,314
23,-46,163,296
23,-45,163,290
23,-44,163,277
23,-42,163,257
23,-42,163,254
23,-41,163,239
23,-40,163,218
23,-39,163,217
23,-38,163,213
23,-37,163,212
23,-36,163,203
23,-35,163,202
23,-34,163,201
23,-33,163,196
23,-32,163,194
23,-31,163,184
23,-30,163,170
23,-29,163,167
23,-28,163,151
23,-26,163,149
23,-26,163,146
23,-25,163,142
23,-24,163,133
23,-23,163,128
23,-22,163,127
23,-21,163,125
23,-20,163,119
23,-19,163,110
23,-18,163,107
23,-17,163,106
23,-16,163,103
23,-15,163,102
23,-14,163,98
23,-13,163,93
23,-12,163,89
23,-11,163,82
23,-10,163,79
23,-9,163,65
23,-8,163,62
23,-7,163,59
23,-6,163,58
23,-5,163,56
23,-4,163,38
23,-3,163,23
23,-2,163,17
23,-1,163,3
23,0,163,0
23,1,163,0
23,2,163,1
23,3,163,10
23,4,163,26
23,5,163,28
23,6,163,29
23,7,163,92
23,8,163,102
23,9,163,140
23,10,163,164
23,11,163,165
23,12,163,167
23,13,163,169
23,14,163,186
23,15,163,189
23,16,163,190
23,17,163,190
23,18,163,192
23,19,163,194
23,20,163,196
23,21,163,198
23,22,163,199
23,23,163,200
23,24,163,202
23,25,163,206
23,26,163,208
23,26,163,209
23,28,163,209
23,29,163,213
23,30,163,215
23,31,163,219
23,32,163,220
23,33,163,221
23,34,163,224
23,35,163,227
23,36,163,229
23,37,163,233
23,38,163,234
23,39,163,234
24,-38,673,265
24,-37,673,264
24,-36,673,263
24,-35,673,262
24,-34,673,260
24,-33,673,259
24,-32,673,255
24,-31,673,254
24,-30,673,253
24,-29,673,251
24,-28,673,250
24,-27,673,249
24,-26,673,248
24,-25,673,246
24,-24,673,245
24,-22,673,243
24,-22,673,242
24,-21,673,235
24,-20,673,225
24,-19,673,224
24,-18,673,223
24,-17,673,188
24,-16,673,186
24,-15,673,185
24,-14,673,183
24,-13,673,181
24,-12,673,180
24,-11,673,179
24,-10,673,176
24,-9,673,171
24,-8,673,168
24,-7,673,167
24,-6,673,163
24,-5,673,162
24,-4,673,160
24,-3,673,135
24,-2,673,124
24,-1,673,74
24,0,673,0
24,1,673,0
24,2,673,25
24,3,673,35
24,4,673,43
24,5,673,47
24,6,673,53
24,7,673,54
24,8,673,58
24,9,673,60
24,10,673,61
24,11,673,68
24,12,673,69
24,13,673,70
24,14,673,72
24,15,673,74
24,16,673,75
24,17,673,76
24,18,673,77
24,19,673,81
24,20,673,82
24,21,673,83
24,22,673,87
24,22,673,89
24,24,673,91
24,25,673,93
24,26,673,94
24,27,673,95
24,28,673,96
24,29,673,96
24,30,673,101
24,31,673,101
24,32,673,103
25,-32,1011,165
25,-31,1011,164
25,-30,1011,161
25,-29,1011,160
25,-28,1011,158
25,-27,1011,157
25,-26,1011,153
25,-25,1011,152
25,-24,1011,151
25,-23,1011,150
25,-22,1011,149
25,-21,1011,148
25,-20,1011,147
25,-19,1011,144
25,-18,1011,142
25,-17,1011,139
25,-16,1011,138
25,-15,1011,137
25,-14,1011,136
25,-13,1011,135
25,-12,1011,133
25,-11,1011,132
25,-10,1011,129
25,-9,1011,128
25,-8,1011,127
25,-7,1011,126
25,-6,1011,125
25,-5,1011,124
25,-4,1011,121
25,-3,1011,120
25,-2,1011,94
25,-1,1011,87
25,0,1011,0
25,1,1011,0
25,2,1011,75
25,3,1011,77
25,4,1011,83
25,5,1011,85
25,6,1011,86
25,7,1011,87
25,8,1011,91
25,9,1011,92
25,10,1011,94
25,11,1011,95
25,12,1011,96
25,13,1011,98
25,14,1011,99
25,15,1011,103
25,16,1011,104
25,17,1011,105
25,18,1011,106
25,19,1011,107
25,20,1011,108
25,21,1011,109
25,22,1011,110
25,23,1011,111
25,24,1011,117
25,25,1011,118
25,26,1011,119
25,27,1011,120
25,28,1011,122
25,29,1011,124
25,30,1011,125
25,31,1011,127
25,32,1011,128
26,-36,179,369
26,-35,179,368
26,-34,179,367
26,-33,179,364
26,-32,179,362
26,-31,179,362
26,-29,179,359
26,-29,179,358
26,-28,179,357
26,-27,179,356
26,-26,179,355
26,-25,179,353
26,-24,179,352
26,-23,179,349
26,-22,179,347
26,-21,179,345
26,-20,179,344
26,-19,179,337
26,-18,179,335
26,-17,179,334
26,-16,179,331
26,-14,179,330
26,-14,179,327
26,-13,179,326
26,-12,179,325
26,-11,179,324
26,-10,179,322
26,-9,179,321
26,-8,179,318
26,-7,179,309
26,-6,179,304
26,-5,179,302
26,-4,179,220
26,-3,179,114
26,-2,179,95
26,-1,179,59
26,0,179,0
26,1,179,0
26,2,179,159
26,3,179,160
26,4,179,245
26,5,179,260
26,6,179,373
26,7,179,430
26,8,179,509
26,9,179,525
26,10,179,628
26,11,179,687
26,12,179,758
26,13,179,795
26,14,179,796
26,14,179,798
26,16,179,800
26,17,179,801
26,18,179,802
26,19,179,803
26,20,179,806
26,21,179,807
26,22,179,808
26,23,179,809
26,24,179,812
26,25,179,813
26,26,179,814
26,27,179,815
26,28,179,817
26,29,179,819
26,29,179,821
26,31,179,822
26,32,179,823
26,33,179,824
26,34,179,825
26,35,179,827
26,36,179,828
26,37,179,832
26,38,179,832
26,39,179,835
26,40,179,836
26,41,179,837
26,42,179,839
